model,exceedance
AS,0.0649815265288843
DB,2.4686228353239736e-05
VS,2.468517687165951e-05
SG,0.9349691020658909
