model,exceedance
AS,0.9999374161103429
DB,1.5321042482312875e-05
VS,1.532115607103939e-05
SG,3.194169110369708e-05
