model,exceedance
AS,0.9999999999998975
DB,3.2743917945674926e-14
VS,3.2743885320165556e-14
SG,3.6942842414806715e-14
