model,exceedance
AS,0.02331565505123026
DB,1.4112304849298148e-08
VS,1.4103752880863645e-08
SG,0.9766843167327119
